Nation,Name ,Style,Singer,History,link
Afghanistan,Classical music from Afghanistan (Kabul 1960s–70s),Pop afghane,Aryana Sayeed,"Cette chanson illustre la pop de Afghanistan, souvent nourrie d’influences locales (rythmes, langue, mélodies) tout en utilisant une production moderne. Elle circule largement via les médias et les plateformes, et participe à la scène contemporaine du pays. Interprété par Aryana Sayeed, « Banoo e Atash Nesheen » est souvent cité comme un morceau repère pour découvrir ce style.",https://www.youtube.com/watch?v=JioAXaOKK2g
Angola,Angola Traditional Music,Semba / musique angolaise,Bonga,"Le semba est l’un des styles fondateurs de la musique d’Angola, connu pour ses rythmes dansants et ses guitares. Souvent chanté en langue locale ou en portugais, il raconte la vie quotidienne, l’amour et l’histoire sociale du pays. Interprété par Bonga, « Mona Ki Ngi Xica » est souvent cité comme un morceau repère pour découvrir ce style.",https://www.youtube.com/watch?v=66ZaCQXlNII
Albania,ALBANIAN FOLK MUSIC 2013,Iso-polyphonie / folk,Saz'iso,"Le répertoire folk de Albania est lié aux danses et aux chants régionaux, transmis de génération en génération. On y retrouve des instruments acoustiques (cordes, vents) et des textes qui parlent d’identité, de village et d’histoire locale. Interprété par Saz'iso, « Tana » est souvent cité comme un morceau repère pour découvrir ce style.",https://www.youtube.com/watch?v=MNd8CRa48Uk
UnitedArabEmirates,United Arab Emirates — Oud (Traditional Music),Pop arabe,Hussain Al Jassmi,"Cette chanson illustre la pop de UnitedArabEmirates, souvent nourrie d’influences locales (rythmes, langue, mélodies) tout en utilisant une production moderne. Elle circule largement via les médias et les plateformes, et participe à la scène contemporaine du pays. Interprété par Hussain Al Jassmi, « Boshret Kheir » est souvent cité comme un morceau repère pour découvrir ce style.",https://www.youtube.com/watch?v=gvrbMN6aifM
Argentina,Libertango,Tango nuevo,Astor Piazzolla,"Le tango est né à la fin du XIXᵉ siècle dans le Río de la Plata et s’est imposé comme un symbole culturel de Argentina. Dans sa version moderne, il mêle mélodies nostalgiques, bandonéon et arrangements plus audacieux, entre danse et concert. Interprété par Astor Piazzolla, « Libertango » est souvent cité comme un morceau repère pour découvrir ce style.",https://www.youtube.com/watch?v=MepPfI7ebMY
Armenia,Dle Yaman,Duduk / musique arménienne,Djivan Gasparyan,"Ce titre est associé à la scène musicale de Armenia (Duduk / musique arménienne). Il met en avant des sonorités typiques du pays et s’écoute aussi bien lors d’événements culturels que dans la vie quotidienne. Interprété par Djivan Gasparyan, « Dle Yaman » est souvent cité comme un morceau repère pour découvrir ce style.",https://www.youtube.com/watch?v=UPq8bHs2svU
Australia,Marryuna,Hip-hop / Indigenous pop,Baker Boy,"Chanté en Yolngu Matha, ce titre célèbre la culture aborigène et la fierté des racines dans une Australie moderne qui peine encore à les reconnaître.",https://www.youtube.com/watch?v=afQcYH2nwoM
Austria,Le Beau Danube Bleu,Valse classique,Johann Strauss II,"Ce titre est associé à la scène musicale de Austria (Valse classique). Il met en avant des sonorités typiques du pays et s’écoute aussi bien lors d’événements culturels que dans la vie quotidienne. Interprété par Johann Strauss II, « Le Beau Danube Bleu » est souvent cité comme un morceau repère pour découvrir ce style.",https://www.youtube.com/watch?v=FLUYxOSZpjg
Azerbaijan,Ayrılık,Mugham / folk,Rashid Behbudov,"La musique traditionnelle de Azerbaijan s’appuie sur des mélodies modales et des instruments locaux, joués lors de fêtes et cérémonies. Elle transmet des histoires (amour, exil, légendes) et varie selon les régions, entre chants populaires et répertoires plus savants. Interprété par Rashid Behbudov, « Ayrılık » est souvent cité comme un morceau repère pour découvrir ce style.",https://www.youtube.com/watch?v=8gIO7k1Cd2o
Burundi,Sambolera,World / folk burundais,Khadja Nin,"Les musiques traditionnelles de Burundi reposent souvent sur la polyrythmie, les percussions et le chant communautaire. Elles accompagnent les rites, les mariages et les événements publics, en transmettant la mémoire et les récits du groupe. Interprété par Khadja Nin, « Sambolera » est souvent cité comme un morceau repère pour découvrir ce style.",https://www.youtube.com/watch?v=PvfTO2XpZKU
Belgium,Niet Voor De Views,Traditional / Folk,Zwangere Guy,"Représentant du rap de Bruxelles, il dépeint la réalité brute des quartiers, la précarité et les divisions linguistiques/sociales de la capitale belge.",https://www.youtube.com/watch?v=wk9pwa_nOIA
Benin,Agolo,Traditional / Folk,Angélique Kidjo,"Les musiques traditionnelles de Benin reposent souvent sur la polyrythmie, les percussions et le chant communautaire. Elles accompagnent les rites, les mariages et les événements publics, en transmettant la mémoire et les récits du groupe. Interprété par Angélique Kidjo, « Agolo » est souvent cité comme un morceau repère pour découvrir ce style.",https://www.youtube.com/watch?v=4gVftWrsGLk
BurkinaFaso,Djôn’maya,Traditional / Folk,Victor Démé,"Les musiques traditionnelles de BurkinaFaso reposent souvent sur la polyrythmie, les percussions et le chant communautaire. Elles accompagnent les rites, les mariages et les événements publics, en transmettant la mémoire et les récits du groupe. Interprété par Victor Démé, « Djôn’maya » est souvent cité comme un morceau repère pour découvrir ce style.",https://www.youtube.com/watch?v=jx_xlyvgPOA
Bangladesh,Dama Dam Mast Qalandar,Traditional / Folk,Runa Laila,"La musique traditionnelle de Bangladesh s’appuie sur des mélodies modales et des instruments locaux, joués lors de fêtes et cérémonies. Elle transmet des histoires (amour, exil, légendes) et varie selon les régions, entre chants populaires et répertoires plus savants. Interprété par Runa Laila, « Dama Dam Mast Qalandar » est souvent cité comme un morceau repère pour découvrir ce style.",https://www.youtube.com/watch?v=xliCqnQJqBM
Bulgaria,Pritouritze Planinato,Traditional / Folk,Le Mystère des Voix Bulgares,"Le répertoire folk de Bulgaria est lié aux danses et aux chants régionaux, transmis de génération en génération. On y retrouve des instruments acoustiques (cordes, vents) et des textes qui parlent d’identité, de village et d’histoire locale. Interprété par Le Mystère des Voix Bulgares, « Pritouritze Planinato » est souvent cité comme un morceau repère pour découvrir ce style.",https://www.youtube.com/watch?v=mII0NXGM6uE
BosniaAndHerzegovina,Love in Rewind,Traditional / Folk,Dino Merlin,"Le répertoire folk de BosniaAndHerzegovina est lié aux danses et aux chants régionaux, transmis de génération en génération. On y retrouve des instruments acoustiques (cordes, vents) et des textes qui parlent d’identité, de village et d’histoire locale. Interprété par Dino Merlin, « Love in Rewind » est souvent cité comme un morceau repère pour découvrir ce style.",https://www.youtube.com/watch?v=HORHVZURyUA
Belarus,Kasiu Jas Kaniushynu,Traditional / Folk,Pesniary,"Le répertoire folk de Belarus est lié aux danses et aux chants régionaux, transmis de génération en génération. On y retrouve des instruments acoustiques (cordes, vents) et des textes qui parlent d’identité, de village et d’histoire locale. Interprété par Pesniary, « Kasiu Jas Kaniushynu » est souvent cité comme un morceau repère pour découvrir ce style.",https://www.youtube.com/watch?v=zzyr5PLUfBk
Belize,Wátina,Traditional / Folk,Andy Palacio,"La musique traditionnelle de Belize reflète souvent un mélange d’héritages indigènes, africains et européens. Elle se joue lors de fêtes populaires, avec des rythmes et instruments caractéristiques selon les régions. Interprété par Andy Palacio, « Wátina » est souvent cité comme un morceau repère pour découvrir ce style.",https://www.youtube.com/watch?v=QZ01Kcx8k6c
Bolivia,Llorando se fue,Traditional / Folk,Los Kjarkas,"La musique traditionnelle de Bolivia reflète souvent un mélange d’héritages indigènes, africains et européens. Elle se joue lors de fêtes populaires, avec des rythmes et instruments caractéristiques selon les régions. Interprété par Los Kjarkas, « Llorando se fue » est souvent cité comme un morceau repère pour découvrir ce style.",https://www.youtube.com/watch?v=k69DmYvUPD8
Brazil,Etérea,Traditional / Folk,Criolo,"Une icône du hip-hop de São Paulo qui délaisse ici le rap pour une ode à la liberté sexuelle et aux droits LGBTQ+, dénonçant le conservatisme ambiant.",https://www.youtube.com/watch?v=anBTZLoWhJg
BruneiDarussalam,Samalindang,Traditional / Folk,Maria Aires,"La musique traditionnelle de BruneiDarussalam s’appuie sur des mélodies modales et des instruments locaux, joués lors de fêtes et cérémonies. Elle transmet des histoires (amour, exil, légendes) et varie selon les régions, entre chants populaires et répertoires plus savants. Interprété par Maria Aires, « Semenjak Mengenalmu » est souvent cité comme un morceau repère pour découvrir ce style.",https://www.youtube.com/watch?v=eNsKALRLWfc
Bhutan,Melody of Lopen Jigme Drukpa,Traditional / Folk,Jigme Drukpa,"La musique traditionnelle de Bhutan s’appuie sur des mélodies modales et des instruments locaux, joués lors de fêtes et cérémonies. Elle transmet des histoires (amour, exil, légendes) et varie selon les régions, entre chants populaires et répertoires plus savants. Interprété par Jigme Drukpa, « Lopen Phurba » est souvent cité comme un morceau repère pour découvrir ce style.",https://www.youtube.com/watch?v=VV86w9SfEYw
Botswana,Kulenyane,Traditional / Folk,Culture Spears,"Les musiques traditionnelles de Botswana reposent souvent sur la polyrythmie, les percussions et le chant communautaire. Elles accompagnent les rites, les mariages et les événements publics, en transmettant la mémoire et les récits du groupe. Interprété par Culture Spears, « Kulenyane » est souvent cité comme un morceau repère pour découvrir ce style.",https://www.youtube.com/watch?v=3_f3QzAyH5I
CentralAfricanRepublic,Samba,Traditional / Folk,Zokela,"Les musiques traditionnelles de CentralAfricanRepublic reposent souvent sur la polyrythmie, les percussions et le chant communautaire. Elles accompagnent les rites, les mariages et les événements publics, en transmettant la mémoire et les récits du groupe. Interprété par Zokela, « Samba » est souvent cité comme un morceau repère pour découvrir ce style.",https://www.youtube.com/watch?v=mr4EqI65Mro
Canada,Mehcinut,Traditional / Folk,Jeremy Dutcher,Un artiste Wolastoqiyik qui réinvente les chants de ses ancêtres (en langue menacée) pour réclamer une place pour les Premières Nations dans le futur du pays.,https://www.youtube.com/watch?v=6pDRpDjrBZE
Switzerland,Déjeuner en paix,Traditional / Folk,Stephan Eicher,"Le répertoire folk de Switzerland est lié aux danses et aux chants régionaux, transmis de génération en génération. On y retrouve des instruments acoustiques (cordes, vents) et des textes qui parlent d’identité, de village et d’histoire locale. Interprété par Stephan Eicher, « Déjeuner en paix » est souvent cité comme un morceau repère pour découvrir ce style.",https://www.youtube.com/watch?v=S7cP8jGMtAE
China,Blue and White Porcelain,Traditional / Folk,Jay Chou,"La musique traditionnelle de China s’appuie sur des mélodies modales et des instruments locaux, joués lors de fêtes et cérémonies. Elle transmet des histoires (amour, exil, légendes) et varie selon les régions, entre chants populaires et répertoires plus savants. Interprété par Jay Chou, « Blue and White Porcelain » est souvent cité comme un morceau repère pour découvrir ce style.",https://www.youtube.com/watch?v=Z8Mqw0b9ADs
CôteD'Ivoire,Traditional / Folk — CôteD'Ivoire,Traditional / Folk,Traditional / Various,"Les musiques traditionnelles de CôteD'Ivoire reposent souvent sur la polyrythmie, les percussions et le chant communautaire. Elles accompagnent les rites, les mariages et les événements publics, en transmettant la mémoire et les récits du groupe.",https://www.youtube.com/watch?v=CKUZ-ZIUiwg
Cameroon,Soul Makossa,Traditional / Folk,Manu Dibango,"Les musiques traditionnelles de Cameroon reposent souvent sur la polyrythmie, les percussions et le chant communautaire. Elles accompagnent les rites, les mariages et les événements publics, en transmettant la mémoire et les récits du groupe. Interprété par Manu Dibango, « Soul Makossa » est souvent cité comme un morceau repère pour découvrir ce style.",https://www.youtube.com/watch?v=PblSmVR7hCk
DemocraticRepublicOfCongo,Yolele,Traditional / Folk,Papa Wemba,"Les musiques traditionnelles de DemocraticRepublicOfCongo reposent souvent sur la polyrythmie, les percussions et le chant communautaire. Elles accompagnent les rites, les mariages et les événements publics, en transmettant la mémoire et les récits du groupe. Interprété par Papa Wemba, « Yolele » est souvent cité comme un morceau repère pour découvrir ce style.",https://www.youtube.com/watch?v=QemzwQ839tE
RepublicOfCongo,État-Major,Traditional / Folk,Extra Musica,"Les musiques traditionnelles de RepublicOfCongo reposent souvent sur la polyrythmie, les percussions et le chant communautaire. Elles accompagnent les rites, les mariages et les événements publics, en transmettant la mémoire et les récits du groupe. Interprété par Extra Musica, « État-Major » est souvent cité comme un morceau repère pour découvrir ce style.",https://www.youtube.com/watch?v=nm17KqskLdo
Colombia,De Donde Vengo Yo,Traditional / Folk,ChocQuibTown,"La musique traditionnelle de Colombia reflète souvent un mélange d’héritages indigènes, africains et européens. Elle se joue lors de fêtes populaires, avec des rythmes et instruments caractéristiques selon les régions. Interprété par ChocQuibTown, « De Donde Vengo Yo » est souvent cité comme un morceau repère pour découvrir ce style.",https://www.youtube.com/watch?v=yMS4J6Gp6e4
CostaRica,Drummer Boy,Traditional / Folk,Debi Nova,"La musique traditionnelle de CostaRica reflète souvent un mélange d’héritages indigènes, africains et européens. Elle se joue lors de fêtes populaires, avec des rythmes et instruments caractéristiques selon les régions. Interprété par Debi Nova, « Drummer Boy » est souvent cité comme un morceau repère pour découvrir ce style.",https://www.youtube.com/watch?v=-pumthUVlio
Cuba,Chan Chan,Traditional / Folk,Buena Vista Social Club,"La musique traditionnelle de Cuba reflète souvent un mélange d’héritages indigènes, africains et européens. Elle se joue lors de fêtes populaires, avec des rythmes et instruments caractéristiques selon les régions. Interprété par Buena Vista Social Club, « Chan Chan » est souvent cité comme un morceau repère pour découvrir ce style.",https://www.youtube.com/watch?v=tGbRZ73NvlY
CzechRepublic,Symphony No. 9,Traditional / Folk,Antonín Dvořák,"Le répertoire folk de CzechRepublic est lié aux danses et aux chants régionaux, transmis de génération en génération. On y retrouve des instruments acoustiques (cordes, vents) et des textes qui parlent d’identité, de village et d’histoire locale. Interprété par Antonín Dvořák, « Symphony No. 9 » est souvent cité comme un morceau repère pour découvrir ce style.",https://www.youtube.com/watch?v=jOofzffyDSA
Germany,Das Model,Traditional / Folk,Kraftwerk,"Le répertoire folk de Germany est lié aux danses et aux chants régionaux, transmis de génération en génération. On y retrouve des instruments acoustiques (cordes, vents) et des textes qui parlent d’identité, de village et d’histoire locale. Interprété par Kraftwerk, « Das Model » est souvent cité comme un morceau repère pour découvrir ce style.",https://www.youtube.com/watch?v=o0iga1eNgvA
Djibouti,Gisinka,Traditional / Folk,Abayazid Ali,"Les musiques traditionnelles de Djibouti reposent souvent sur la polyrythmie, les percussions et le chant communautaire. Elles accompagnent les rites, les mariages et les événements publics, en transmettant la mémoire et les récits du groupe. Interprété par Abayazid Ali, « Gisinka » est souvent cité comme un morceau repère pour découvrir ce style.",https://www.youtube.com/watch?v=HjLMAYpu7tg
Denmark,Final Song,Traditional / Folk,MØ,"Le répertoire folk de Denmark est lié aux danses et aux chants régionaux, transmis de génération en génération. On y retrouve des instruments acoustiques (cordes, vents) et des textes qui parlent d’identité, de village et d’histoire locale. Interprété par MØ, « Final Song » est souvent cité comme un morceau repère pour découvrir ce style.",https://www.youtube.com/watch?v=WUcXQ--yGWQ
Dominican Republic,Burbujas de Amor,Traditional / Folk,Juan Luis Guerra,"La musique traditionnelle de Dominican Republic reflète souvent un mélange d’héritages indigènes, africains et européens. Elle se joue lors de fêtes populaires, avec des rythmes et instruments caractéristiques selon les régions. Interprété par Juan Luis Guerra, « Burbujas de Amor » est souvent cité comme un morceau repère pour découvrir ce style.",https://www.youtube.com/watch?v=eaBk4-UT53U
Algeria,A vava inouva,Traditional / Folk,Idir,"Les musiques traditionnelles de Algeria reposent souvent sur la polyrythmie, les percussions et le chant communautaire. Elles accompagnent les rites, les mariages et les événements publics, en transmettant la mémoire et les récits du groupe. Interprété par Idir, « A vava inouva » est souvent cité comme un morceau repère pour découvrir ce style.",https://www.youtube.com/watch?v=8qcSdqc7QYo
Ecuador,Nuestro Juramento,Traditional / Folk,Julio Jaramillo,"La musique traditionnelle de Ecuador reflète souvent un mélange d’héritages indigènes, africains et européens. Elle se joue lors de fêtes populaires, avec des rythmes et instruments caractéristiques selon les régions. Interprété par Julio Jaramillo, « Nuestro Juramento » est souvent cité comme un morceau repère pour découvrir ce style.",https://www.youtube.com/watch?v=N0X0a8resSU
Egypt,Enta Omri,Traditional / Folk,Umm Kulthum,"Les musiques traditionnelles de Egypt reposent souvent sur la polyrythmie, les percussions et le chant communautaire. Elles accompagnent les rites, les mariages et les événements publics, en transmettant la mémoire et les récits du groupe. Interprété par Umm Kulthum, « Enta Omri » est souvent cité comme un morceau repère pour découvrir ce style.",https://www.youtube.com/watch?v=XPGHpBOt5sE
Eritrea,Habibi (Eritrean Music),Traditional / Folk,Feven Tsegay,"Les musiques traditionnelles de Eritrea reposent souvent sur la polyrythmie, les percussions et le chant communautaire. Elles accompagnent les rites, les mariages et les événements publics, en transmettant la mémoire et les récits du groupe. Interprété par Helen Meles, « Habibi » est souvent cité comme un morceau repère pour découvrir ce style.",https://www.youtube.com/watch?v=HIB4sJ-gIqU
Estonia,Spiegel im Spiegel,Traditional / Folk,Arvo Pärt,"Le répertoire folk de Estonia est lié aux danses et aux chants régionaux, transmis de génération en génération. On y retrouve des instruments acoustiques (cordes, vents) et des textes qui parlent d’identité, de village et d’histoire locale. Interprété par Arvo Pärt, « Spiegel im Spiegel » est souvent cité comme un morceau repère pour découvrir ce style.",https://www.youtube.com/watch?v=TJ6Mzvh3XCc
Ethiopia,Tezeta,Traditional / Folk,Mulatu Astatke,"Les musiques traditionnelles de Ethiopia reposent souvent sur la polyrythmie, les percussions et le chant communautaire. Elles accompagnent les rites, les mariages et les événements publics, en transmettant la mémoire et les récits du groupe. Interprété par Mulatu Astatke, « Tezeta » est souvent cité comme un morceau repère pour découvrir ce style.",https://www.youtube.com/watch?v=Wy-v-FgiUD8
Finland,Sandstorm,EDM / Trance,Darude,"Le répertoire folk de Finland est lié aux danses et aux chants régionaux, transmis de génération en génération. On y retrouve des instruments acoustiques (cordes, vents) et des textes qui parlent d’identité, de village et d’histoire locale. Interprété par Darude, « Sandstorm » est souvent cité comme un morceau repère pour découvrir ce style.",https://www.youtube.com/watch?v=y6120QOlsfU
Gabon,L'amour d'une mère,Musique gabonaise / Afro-pop,Patience Dabany,"Les musiques traditionnelles de Gabon reposent souvent sur la polyrythmie, les percussions et le chant communautaire. Elles accompagnent les rites, les mariages et les événements publics, en transmettant la mémoire et les récits du groupe. Interprété par Patience Dabany, « L'amour d'une mère » est souvent cité comme un morceau repère pour découvrir ce style.",https://www.youtube.com/watch?v=nPOru57bErc
UnitedKingdom,Greensleeves,English folk (traditional),Traditional / Various,"Le répertoire folk de UnitedKingdom est lié aux danses et aux chants régionaux, transmis de génération en génération. On y retrouve des instruments acoustiques (cordes, vents) et des textes qui parlent d’identité, de village et d’histoire locale.",https://www.youtube.com/watch?v=JyUQ87blzI4
Georgia,Tsintskaro,Polyphonie géorgienne / folk,Hamlet Gonashvili,"La musique traditionnelle de Georgia s’appuie sur des mélodies modales et des instruments locaux, joués lors de fêtes et cérémonies. Elle transmet des histoires (amour, exil, légendes) et varie selon les régions, entre chants populaires et répertoires plus savants. Interprété par Hamlet Gonashvili, « Tsintskaro » est souvent cité comme un morceau repère pour découvrir ce style.",https://www.youtube.com/watch?v=r3pTaSe4c-s
Ghana,Heaven,Highlife / Afro-funk,Ebo Taylor,"Les musiques traditionnelles de Ghana reposent souvent sur la polyrythmie, les percussions et le chant communautaire. Elles accompagnent les rites, les mariages et les événements publics, en transmettant la mémoire et les récits du groupe. Interprété par Ebo Taylor, « Heaven » est souvent cité comme un morceau repère pour découvrir ce style.",https://www.youtube.com/watch?v=5YEKSuC0nI8
Guinea,Yéké Yéké,Afro-pop / world,Mory Kanté,"Les musiques traditionnelles de Guinea reposent souvent sur la polyrythmie, les percussions et le chant communautaire. Elles accompagnent les rites, les mariages et les événements publics, en transmettant la mémoire et les récits du groupe. Interprété par Mory Kanté, « Yéké Yéké » est souvent cité comme un morceau repère pour découvrir ce style.",https://www.youtube.com/watch?v=BVmS0SSSdWM
Gambia,Jarabi,Musique mandingue / kora,Sona Jobarteh,"Les musiques traditionnelles de Gambia reposent souvent sur la polyrythmie, les percussions et le chant communautaire. Elles accompagnent les rites, les mariages et les événements publics, en transmettant la mémoire et les récits du groupe. Interprété par Sona Jobarteh, « Jarabi » est souvent cité comme un morceau repère pour découvrir ce style.",https://www.youtube.com/watch?v=oToZfPGMMBY
GuineaBissau,Ke Ki Mininu Na Tchora,Morna / musique bissau-guinéenne,José Carlos Schwarz,"Les musiques traditionnelles de GuineaBissau reposent souvent sur la polyrythmie, les percussions et le chant communautaire. Elles accompagnent les rites, les mariages et les événements publics, en transmettant la mémoire et les récits du groupe. Interprété par José Carlos Schwarz, « Ke ki mininu na tchora » est souvent cité comme un morceau repère pour découvrir ce style.",https://www.youtube.com/watch?v=36AX6Ra9_KU
EquatorialGuinea,"¡Ay, Corazón!",Pop afro-latin,Las Hijas del Sol,"Les musiques traditionnelles de EquatorialGuinea reposent souvent sur la polyrythmie, les percussions et le chant communautaire. Elles accompagnent les rites, les mariages et les événements publics, en transmettant la mémoire et les récits du groupe. Interprété par Hijas del Sol, « Ay, Corazón » est souvent cité comme un morceau repère pour découvrir ce style.",https://www.youtube.com/watch?v=XXR4TgJVoaE
Greece,Ti kako,Folk-rock grec,Villagers of Ioannina City,"Le répertoire folk de Greece est lié aux danses et aux chants régionaux, transmis de génération en génération. On y retrouve des instruments acoustiques (cordes, vents) et des textes qui parlent d’identité, de village et d’histoire locale. Interprété par Villagers of Ioannina City, « Ti Kako » est souvent cité comme un morceau repère pour découvrir ce style.",https://www.youtube.com/watch?v=QW9pAK3Afk4
Greenland,Nanook,Rock groenlandais,Nanook,"La musique traditionnelle de Greenland reflète souvent un mélange d’héritages indigènes, africains et européens. Elle se joue lors de fêtes populaires, avec des rythmes et instruments caractéristiques selon les régions. Interprété par Nanook, « Nanook » est souvent cité comme un morceau repère pour découvrir ce style.",https://www.youtube.com/watch?v=vLv7Olpfxzw
Guatemala,Abriendo la voz,Singer-songwriter / musique maya,Sara Curruchich,"La musique traditionnelle de Guatemala reflète souvent un mélange d’héritages indigènes, africains et européens. Elle se joue lors de fêtes populaires, avec des rythmes et instruments caractéristiques selon les régions. Interprété par Sara Curruchich, « Abriendo Caminos » est souvent cité comme un morceau repère pour découvrir ce style.",https://www.youtube.com/watch?v=b06FNCLOFz8
Guyana,Electric Avenue,Reggae / pop,Eddy Grant,"La musique traditionnelle de Guyana reflète souvent un mélange d’héritages indigènes, africains et européens. Elle se joue lors de fêtes populaires, avec des rythmes et instruments caractéristiques selon les régions. Interprété par Eddy Grant, « Electric Avenue » est souvent cité comme un morceau repère pour découvrir ce style.",https://www.youtube.com/watch?v=xtiuyFbFtD8
Honduras,Sopa de Caracol (Official),Punta / musique garifuna,Banda Blanca,"La musique traditionnelle de Honduras reflète souvent un mélange d’héritages indigènes, africains et européens. Elle se joue lors de fêtes populaires, avec des rythmes et instruments caractéristiques selon les régions. Interprété par Banda Blanca, « Sopa de Caracol » est souvent cité comme un morceau repère pour découvrir ce style.",https://www.youtube.com/watch?v=yZ5lKU2Tdi8
Croatia,Cesarica (Official),Pop croate,Oliver Dragojević,"Le répertoire folk de Croatia est lié aux danses et aux chants régionaux, transmis de génération en génération. On y retrouve des instruments acoustiques (cordes, vents) et des textes qui parlent d’identité, de village et d’histoire locale. Interprété par Oliver Dragojević, « Cesarica » est souvent cité comme un morceau repère pour découvrir ce style.",https://www.youtube.com/watch?v=QWlQvlizpBQ
Haiti,Ke m Pa Sote (Kanaval 1990),Mizik rasin / carnaval,Boukman Eksperyans,"La musique traditionnelle de Haiti reflète souvent un mélange d’héritages indigènes, africains et européens. Elle se joue lors de fêtes populaires, avec des rythmes et instruments caractéristiques selon les régions. Interprété par Boukman Eksperyans, « Kè'm Pa Sote » est souvent cité comme un morceau repère pour découvrir ce style.",https://www.youtube.com/watch?v=FBN2z0mgALk
Hungary,Hungarian Rhapsody No. 2,Classical,Franz Liszt,"Le répertoire folk de Hungary est lié aux danses et aux chants régionaux, transmis de génération en génération. On y retrouve des instruments acoustiques (cordes, vents) et des textes qui parlent d’identité, de village et d’histoire locale. Interprété par Franz Liszt, « Rhapsodie hongroise No. 2 » est souvent cité comme un morceau repère pour découvrir ce style.",https://www.youtube.com/watch?v=ALqOKq0M6ho
Indonesia,Udan Mas,Gamelan javanais,Gamelan Ensemble,"La musique traditionnelle de Indonesia s’appuie sur des mélodies modales et des instruments locaux, joués lors de fêtes et cérémonies. Elle transmet des histoires (amour, exil, légendes) et varie selon les régions, entre chants populaires et répertoires plus savants. Interprété par Gamelan Orchestra, « Udan Mas » est souvent cité comme un morceau repère pour découvrir ce style.",https://www.youtube.com/watch?v=pfcjXZdvBTM
India,Jai Ho (Full Song),Bollywood / film,A. R. Rahman,"La musique traditionnelle de India s’appuie sur des mélodies modales et des instruments locaux, joués lors de fêtes et cérémonies. Elle transmet des histoires (amour, exil, légendes) et varie selon les régions, entre chants populaires et répertoires plus savants. Interprété par A.R. Rahman, « Jai Ho » est souvent cité comme un morceau repère pour découvrir ce style.",https://www.youtube.com/watch?v=xwwAVRyNmgQ
Ireland,The Rocky Road to Dublin,Irish folk,The Dubliners,"Le répertoire folk de Ireland est lié aux danses et aux chants régionaux, transmis de génération en génération. On y retrouve des instruments acoustiques (cordes, vents) et des textes qui parlent d’identité, de village et d’histoire locale. Interprété par The Dubliners, « The Rocky Road to Dublin » est souvent cité comme un morceau repère pour découvrir ce style.",https://www.youtube.com/watch?v=5K6FwA7uAfw
Iran,Morgh-e Sahar,Traditional / Folk,Shajarian,"La musique traditionnelle de Iran s’appuie sur des mélodies modales et des instruments locaux, joués lors de fêtes et cérémonies. Elle transmet des histoires (amour, exil, légendes) et varie selon les régions, entre chants populaires et répertoires plus savants. Interprété par Shajarian, « Morgh-e Sahar » est souvent cité comme un morceau repère pour découvrir ce style.",https://www.youtube.com/watch?v=Ye6d4zXdtUc
Iraq,Zidini Ashqan,Traditional / Folk,Kadim Al Sahir,"La musique traditionnelle de Iraq s’appuie sur des mélodies modales et des instruments locaux, joués lors de fêtes et cérémonies. Elle transmet des histoires (amour, exil, légendes) et varie selon les régions, entre chants populaires et répertoires plus savants. Interprété par Kadim Al Sahir, « Zidini Ashqan » est souvent cité comme un morceau repère pour découvrir ce style.",https://www.youtube.com/watch?v=SUwa2_1-zfU
Iceland,It's Oh So Quiet,Traditional / Folk,Björk,"Le répertoire folk de Iceland est lié aux danses et aux chants régionaux, transmis de génération en génération. On y retrouve des instruments acoustiques (cordes, vents) et des textes qui parlent d’identité, de village et d’histoire locale. Interprété par Björk, « It's Oh So Quiet » est souvent cité comme un morceau repère pour découvrir ce style.",https://www.youtube.com/watch?v=htobTBlCvUU
Israel,Im Nin'alu,Traditional / Folk,Ofra Haza,"La musique traditionnelle de Israel s’appuie sur des mélodies modales et des instruments locaux, joués lors de fêtes et cérémonies. Elle transmet des histoires (amour, exil, légendes) et varie selon les régions, entre chants populaires et répertoires plus savants. Interprété par Ofra Haza, « Im Nin'alu » est souvent cité comme un morceau repère pour découvrir ce style.",https://www.youtube.com/watch?v=9RL8h046EBQ
Italy,Con te partirò,Traditional / Folk,Andrea Bocelli,"Le répertoire folk de Italy est lié aux danses et aux chants régionaux, transmis de génération en génération. On y retrouve des instruments acoustiques (cordes, vents) et des textes qui parlent d’identité, de village et d’histoire locale. Interprété par Andrea Bocelli, « Con te partirò » est souvent cité comme un morceau repère pour découvrir ce style.",https://www.youtube.com/watch?v=nVUHHW1tJYA
Jamaica,Capture Land,Traditional / Folk,Chronixx,"Loin du reggae ""touristique"", ce titre dénonce le colonialisme persistant et la question de la propriété des terres pour les Rastas en Jamaïque.",https://www.youtube.com/watch?v=YoHzqwLxk_Y
Jordan,Ya Saad,Traditional / Folk,Omar Al-Abdallat,"La musique traditionnelle de Jordan s’appuie sur des mélodies modales et des instruments locaux, joués lors de fêtes et cérémonies. Elle transmet des histoires (amour, exil, légendes) et varie selon les régions, entre chants populaires et répertoires plus savants. Interprété par Omar Al-Abdallat, « Ya Saad » est souvent cité comme un morceau repère pour découvrir ce style.",https://www.youtube.com/watch?v=jCJ2IRfQJKQ
Japan,Sukiyaki,Traditional / Folk,Kyu Sakamoto,"La musique traditionnelle de Japan s’appuie sur des mélodies modales et des instruments locaux, joués lors de fêtes et cérémonies. Elle transmet des histoires (amour, exil, légendes) et varie selon les régions, entre chants populaires et répertoires plus savants. Interprété par Kyu Sakamoto, « Sukiyaki » est souvent cité comme un morceau repère pour découvrir ce style.",https://www.youtube.com/watch?v=wzDjDJCbS7U
Kazakhstan,Kazakhstan - The Sound of Dombra,Dombra / folk,Traditional / Various,"La musique traditionnelle de Kazakhstan s’appuie sur des mélodies modales et des instruments locaux, joués lors de fêtes et cérémonies. Elle transmet des histoires (amour, exil, légendes) et varie selon les régions, entre chants populaires et répertoires plus savants.",https://www.youtube.com/watch?v=TCKWy8BTMQE
Kenya,Sura Yako,Traditional / Folk,Sauti Sol,"Les musiques traditionnelles de Kenya reposent souvent sur la polyrythmie, les percussions et le chant communautaire. Elles accompagnent les rites, les mariages et les événements publics, en transmettant la mémoire et les récits du groupe. Interprété par Sauti Sol, « Sura Yako » est souvent cité comme un morceau repère pour découvrir ce style.",https://www.youtube.com/watch?v=lEJw64Zl28U
Kyrgyzstan,Kyrgyz Jiri,Traditional / Folk,Salamat Sadikova,"La musique traditionnelle de Kyrgyzstan s’appuie sur des mélodies modales et des instruments locaux, joués lors de fêtes et cérémonies. Elle transmet des histoires (amour, exil, légendes) et varie selon les régions, entre chants populaires et répertoires plus savants. Interprété par Salamat Sadikova, « Kyrgyz Jiri » est souvent cité comme un morceau repère pour découvrir ce style.",https://www.youtube.com/watch?v=905X5Th_ba8
Cambodia,Champa Battambang,Traditional / Folk,Sinn Sisamouth,"La musique traditionnelle de Cambodia s’appuie sur des mélodies modales et des instruments locaux, joués lors de fêtes et cérémonies. Elle transmet des histoires (amour, exil, légendes) et varie selon les régions, entre chants populaires et répertoires plus savants. Interprété par Sinn Sisamouth, « Champa Battambang » est souvent cité comme un morceau repère pour découvrir ce style.",https://www.youtube.com/watch?v=bKz84VSknDg
Republic of Korea,Tiger is Coming,Traditional / Folk,Leenalchi,"À l'opposé de la K-Pop, ce groupe revisite le Pansori (récit chanté traditionnel) avec une basse funk, modernisant un folklore que la jeunesse avait oublié.",https://www.youtube.com/watch?v=vmIhY9k5KYM
Kuwait,Qada Omri,Traditional / Folk,Nawal El Kuwaitia,"La musique traditionnelle de Kuwait s’appuie sur des mélodies modales et des instruments locaux, joués lors de fêtes et cérémonies. Elle transmet des histoires (amour, exil, légendes) et varie selon les régions, entre chants populaires et répertoires plus savants. Interprété par Nawal El Kuwaitia, « Qada Omri » est souvent cité comme un morceau repère pour découvrir ce style.",https://www.youtube.com/watch?v=_ry_WDr_yTI
LaoPDR,My Radio,Traditional / Folk,Alexandra Bounxouei,"La musique traditionnelle de LaoPDR s’appuie sur des mélodies modales et des instruments locaux, joués lors de fêtes et cérémonies. Elle transmet des histoires (amour, exil, légendes) et varie selon les régions, entre chants populaires et répertoires plus savants. Interprété par Alexandra Bounxouei, « My Radio » est souvent cité comme un morceau repère pour découvrir ce style.",https://www.youtube.com/watch?v=xrFg1MU8jyM
Lebanon,Li Beirut,Traditional / Folk,Fairuz,"La musique traditionnelle de Lebanon s’appuie sur des mélodies modales et des instruments locaux, joués lors de fêtes et cérémonies. Elle transmet des histoires (amour, exil, légendes) et varie selon les régions, entre chants populaires et répertoires plus savants. Interprété par Fairuz, « Li Beirut » est souvent cité comme un morceau repère pour découvrir ce style.",https://www.youtube.com/watch?v=cE9-W1nTWyw
Liberia,Bayjay,Traditional / Folk,Sundaygar Dearboy,"Les musiques traditionnelles de Liberia reposent souvent sur la polyrythmie, les percussions et le chant communautaire. Elles accompagnent les rites, les mariages et les événements publics, en transmettant la mémoire et les récits du groupe. Interprété par Sundaygar Dearboy, « Bayjay » est souvent cité comme un morceau repère pour découvrir ce style.",https://www.youtube.com/watch?v=1Eqoz4QzY4U
Libya,Soleil Soleil,Traditional / Folk,Ahmed Fakroun,"Les musiques traditionnelles de Libya reposent souvent sur la polyrythmie, les percussions et le chant communautaire. Elles accompagnent les rites, les mariages et les événements publics, en transmettant la mémoire et les récits du groupe. Interprété par Ahmed Fakroun, « Soleil Soleil » est souvent cité comme un morceau repère pour découvrir ce style.",https://www.youtube.com/watch?v=9jfKlfVk3O0
SriLanka,Manike Mage Hithe,Traditional / Folk,Yohani,"La musique traditionnelle de SriLanka s’appuie sur des mélodies modales et des instruments locaux, joués lors de fêtes et cérémonies. Elle transmet des histoires (amour, exil, légendes) et varie selon les régions, entre chants populaires et répertoires plus savants. Interprété par Yohani, « Manike Mage Hithe » est souvent cité comme un morceau repère pour découvrir ce style.",https://www.youtube.com/watch?v=PgCliOxl41o
Lesotho,Bhudaza - Nomalizo,Traditional / Folk (Sesotho),Bhudaza Mapefane,"Les musiques traditionnelles de Lesotho reposent souvent sur la polyrythmie, les percussions et le chant communautaire. Elles accompagnent les rites, les mariages et les événements publics, en transmettant la mémoire et les récits du groupe. Interprété par Bhudaza, « Bophelo » est souvent cité comme un morceau repère pour découvrir ce style.",https://www.youtube.com/watch?v=aU1y39g3-8E
Lithuania,Trys Milijonai,Pop rock,Marijonas Mikutavičius,"Le répertoire folk de Lithuania est lié aux danses et aux chants régionaux, transmis de génération en génération. On y retrouve des instruments acoustiques (cordes, vents) et des textes qui parlent d’identité, de village et d’histoire locale. Interprété par Marijonas Mikutavičius, « Trys Milijonai » est souvent cité comme un morceau repère pour découvrir ce style.",https://www.youtube.com/watch?v=upucEgwjiJs
Luxembourg,Ech Si Lëtzebuerg,Folk rock / chanson,Serge Tonnar & Legotrip,"Le répertoire folk de Luxembourg est lié aux danses et aux chants régionaux, transmis de génération en génération. On y retrouve des instruments acoustiques (cordes, vents) et des textes qui parlent d’identité, de village et d’histoire locale. Interprété par Serge Tonnar & Legotrip, « Ech Si Lëtzebuerg » est souvent cité comme un morceau repère pour découvrir ce style.",https://www.youtube.com/watch?v=IhA68JWQoFk
Latvia,Maybe,Pop rock,Prāta Vētra (Brainstorm),"Le répertoire folk de Latvia est lié aux danses et aux chants régionaux, transmis de génération en génération. On y retrouve des instruments acoustiques (cordes, vents) et des textes qui parlent d’identité, de village et d’histoire locale. Interprété par Prāta Vētra (Brainstorm), « Maybe » est souvent cité comme un morceau repère pour découvrir ce style.",https://www.youtube.com/watch?v=J-CmEbXH90M
Morocco,Siniya,Chaâbi / folk marocain,Nass El Ghiwane,"Les musiques traditionnelles de Morocco reposent souvent sur la polyrythmie, les percussions et le chant communautaire. Elles accompagnent les rites, les mariages et les événements publics, en transmettant la mémoire et les récits du groupe. Interprété par Nass El Ghiwane, « Siniya » est souvent cité comme un morceau repère pour découvrir ce style.",https://www.youtube.com/watch?v=vo7TJPfCNcM
Moldova,Miorița,Ethno-rock,Zdob și Zdub,"Ils fusionnent le rock et le folklore roumano-moldave pour raconter la légende de la brebis (Miorița), pilier de l'identité paysanne face au destin.",https://www.youtube.com/watch?v=PHnsBuabEA0
Madagascar,Samy mandeha samy mitady,Salegy,Jaojoby,"Les musiques traditionnelles de Madagascar reposent souvent sur la polyrythmie, les percussions et le chant communautaire. Elles accompagnent les rites, les mariages et les événements publics, en transmettant la mémoire et les récits du groupe. Interprété par Jaojoby, « Samy Mandeha Samy Mitady » est souvent cité comme un morceau repère pour découvrir ce style.",https://www.youtube.com/watch?v=TJuCixXIpVA
Mexico,El Rey,Ranchera,Vicente Fernández,"La musique traditionnelle de Mexico reflète souvent un mélange d’héritages indigènes, africains et européens. Elle se joue lors de fêtes populaires, avec des rythmes et instruments caractéristiques selon les régions. Interprété par Vicente Fernández, « El Rey » est souvent cité comme un morceau repère pour découvrir ce style.",https://www.youtube.com/watch?v=DjnhGwxQkFk
Macedonia,Igra bez granica,Pop ballad,Toše Proeski,"Le répertoire folk de Macedonia est lié aux danses et aux chants régionaux, transmis de génération en génération. On y retrouve des instruments acoustiques (cordes, vents) et des textes qui parlent d’identité, de village et d’histoire locale. Interprété par Toše Proeski, « Igri Bez Granici » est souvent cité comme un morceau repère pour découvrir ce style.",https://www.youtube.com/watch?v=VMT50KhLlRw
Mali,Ai Du,Desert blues,Ali Farka Touré,"Les musiques traditionnelles de Mali reposent souvent sur la polyrythmie, les percussions et le chant communautaire. Elles accompagnent les rites, les mariages et les événements publics, en transmettant la mémoire et les récits du groupe. Interprété par Ali Farka Touré, « Ai Du » est souvent cité comme un morceau repère pour découvrir ce style.",https://www.youtube.com/watch?v=6juTl3rtKKI
Myanmar,Thu Nge Chin Myar Swar,Pop birmane,Sai Sai Kham Leng,"La musique traditionnelle de Myanmar s’appuie sur des mélodies modales et des instruments locaux, joués lors de fêtes et cérémonies. Elle transmet des histoires (amour, exil, légendes) et varie selon les régions, entre chants populaires et répertoires plus savants. Interprété par Sai Sai Kham Leng, « Thansin Myar Swar » est souvent cité comme un morceau repère pour découvrir ce style.",https://www.youtube.com/watch?v=c1MCcJYkPNM
Montenegro,Igranka,Hip-hop / electro,Who See feat. Nina Žižić,"Le répertoire folk de Montenegro est lié aux danses et aux chants régionaux, transmis de génération en génération. On y retrouve des instruments acoustiques (cordes, vents) et des textes qui parlent d’identité, de village et d’histoire locale. Interprété par Who See, « Igranka » est souvent cité comme un morceau repère pour découvrir ce style.",https://www.youtube.com/watch?v=FR9rtB2ilZU
Mongolia,Yuve Yuve Yu,Mongolian folk metal,The HU,"La musique traditionnelle de Mongolia s’appuie sur des mélodies modales et des instruments locaux, joués lors de fêtes et cérémonies. Elle transmet des histoires (amour, exil, légendes) et varie selon les régions, entre chants populaires et répertoires plus savants. Interprété par The Hu, « Yuve Yuve Yu » est souvent cité comme un morceau repère pour découvrir ce style.",https://www.youtube.com/watch?v=v4xZUr0BEfE
Mozambique,Majurugenta,Marrabenta,Ghorwane,"Les musiques traditionnelles de Mozambique reposent souvent sur la polyrythmie, les percussions et le chant communautaire. Elles accompagnent les rites, les mariages et les événements publics, en transmettant la mémoire et les récits du groupe. Interprété par Ghorwane, « Majurugenta » est souvent cité comme un morceau repère pour découvrir ce style.",https://www.youtube.com/watch?v=r90XWtaSq80
Mauritania,Yarab,Blues saharien,Malouma,"Les musiques traditionnelles de Mauritania reposent souvent sur la polyrythmie, les percussions et le chant communautaire. Elles accompagnent les rites, les mariages et les événements publics, en transmettant la mémoire et les récits du groupe. Interprété par Malouma, « Yarab » est souvent cité comme un morceau repère pour découvrir ce style.",https://www.youtube.com/watch?v=--LfYzCtW68
Malawi,Mabala,Afro-pop,Lucius Banda,"Les musiques traditionnelles de Malawi reposent souvent sur la polyrythmie, les percussions et le chant communautaire. Elles accompagnent les rites, les mariages et les événements publics, en transmettant la mémoire et les récits du groupe. Interprété par Lucius Banda, « Mabala » est souvent cité comme un morceau repère pour découvrir ce style.",https://www.youtube.com/watch?v=2Vjcuf5Bx1M
Malaysia,Cindai,Pop Melayu,Siti Nurhaliza,"La musique traditionnelle de Malaysia s’appuie sur des mélodies modales et des instruments locaux, joués lors de fêtes et cérémonies. Elle transmet des histoires (amour, exil, légendes) et varie selon les régions, entre chants populaires et répertoires plus savants. Interprété par Siti Nurhaliza, « Cindai » est souvent cité comme un morceau repère pour découvrir ce style.",https://www.youtube.com/watch?v=dWFzE0NiGrI
Namibia,Wo Is Die Coolbox?,Kwaito / NamFlava,EES feat. Namany,"Les musiques traditionnelles de Namibia reposent souvent sur la polyrythmie, les percussions et le chant communautaire. Elles accompagnent les rites, les mariages et les événements publics, en transmettant la mémoire et les récits du groupe. Interprété par EES, « Wo is de cooles? » est souvent cité comme un morceau repère pour découvrir ce style.",https://www.youtube.com/watch?v=qFSOmj3S2ts
Niger,Afrique Victime,Tuareg rock,Mdou Moctar,"Les musiques traditionnelles de Niger reposent souvent sur la polyrythmie, les percussions et le chant communautaire. Elles accompagnent les rites, les mariages et les événements publics, en transmettant la mémoire et les récits du groupe. Interprété par Mdou Moctar, « Afrique Victime » est souvent cité comme un morceau repère pour découvrir ce style.",https://www.youtube.com/watch?v=rnERiRvlw58
Nigeria,Ye,Afrobeats,Burna Boy,"Les musiques traditionnelles de Nigeria reposent souvent sur la polyrythmie, les percussions et le chant communautaire. Elles accompagnent les rites, les mariages et les événements publics, en transmettant la mémoire et les récits du groupe. Interprété par Burna Boy, « Ye » est souvent cité comme un morceau repère pour découvrir ce style.",https://www.youtube.com/watch?v=lPe09eE6Xio
Nicaragua,Pobre La María,Nueva canción / trova,Luis Enrique Mejía Godoy,"La musique traditionnelle de Nicaragua reflète souvent un mélange d’héritages indigènes, africains et européens. Elle se joue lors de fêtes populaires, avec des rythmes et instruments caractéristiques selon les régions. Interprété par Luis Enrique Mejía Godoy, « Pobre la María » est souvent cité comme un morceau repère pour découvrir ce style.",https://www.youtube.com/watch?v=S-JSkG6HdrY
Norway,Helvegen (feat. Aurora) – Wardruna,Nordic folk / neofolk,Wardruna ft. Aurora,"Le répertoire folk de Norway est lié aux danses et aux chants régionaux, transmis de génération en génération. On y retrouve des instruments acoustiques (cordes, vents) et des textes qui parlent d’identité, de village et d’histoire locale. Interprété par Wardruna and Aurora, « Helvegen » est souvent cité comme un morceau repère pour découvrir ce style.",https://www.youtube.com/watch?v=n90SVmnomdM
Nepal,Euta Manche Ko Mayale Kati,Nepali adhunik (classique),Narayan Gopal,"La musique traditionnelle de Nepal s’appuie sur des mélodies modales et des instruments locaux, joués lors de fêtes et cérémonies. Elle transmet des histoires (amour, exil, légendes) et varie selon les régions, entre chants populaires et répertoires plus savants. Interprété par Narayan Gopal, « Euta Manchhe Ko Maya Le » est souvent cité comme un morceau repère pour découvrir ce style.",https://www.youtube.com/watch?v=4xfUFn6mx9g
Oman,A'eeshak (أعيشك),Khaleeji pop,Salah Al Zadjali,"La musique traditionnelle de Oman s’appuie sur des mélodies modales et des instruments locaux, joués lors de fêtes et cérémonies. Elle transmet des histoires (amour, exil, légendes) et varie selon les régions, entre chants populaires et répertoires plus savants. Interprété par Salah Al Zadjali, « Asis » est souvent cité comme un morceau repère pour découvrir ce style.",https://www.youtube.com/watch?v=wpW7p7Ny-Ko
Pakistan,Mere Rashke Qamar (Complete Original Version),Qawwali,Nusrat Fateh Ali Khan,"La musique traditionnelle de Pakistan s’appuie sur des mélodies modales et des instruments locaux, joués lors de fêtes et cérémonies. Elle transmet des histoires (amour, exil, légendes) et varie selon les régions, entre chants populaires et répertoires plus savants. Interprété par Nusrat Fateh Ali Khan, « Rashke Qamar » est souvent cité comme un morceau repère pour découvrir ce style.",https://www.youtube.com/watch?v=N1hRTwBziwc
Panama,Pedro Navaja (Audio Oficial),Salsa,Willie Colón & Rubén Blades,"La musique traditionnelle de Panama reflète souvent un mélange d’héritages indigènes, africains et européens. Elle se joue lors de fêtes populaires, avec des rythmes et instruments caractéristiques selon les régions. Interprété par Rubén Blades, « Pedro Navaja » est souvent cité comme un morceau repère pour découvrir ce style.",https://www.youtube.com/watch?v=5LqnbAkqRYQ
Peru,Taita Inty (Hymn of the Sun Virgin),Exotica / voix andine,Yma Sumac,"La musique traditionnelle de Peru reflète souvent un mélange d’héritages indigènes, africains et européens. Elle se joue lors de fêtes populaires, avec des rythmes et instruments caractéristiques selon les régions. Interprété par Yma Sumac, « Taita Inty » est souvent cité comme un morceau repère pour découvrir ce style.",https://www.youtube.com/watch?v=zEUekceB5DQ
Philippines,Anak,Pinoy folk rock,Freddie Aguilar,"La musique traditionnelle de Philippines s’appuie sur des mélodies modales et des instruments locaux, joués lors de fêtes et cérémonies. Elle transmet des histoires (amour, exil, légendes) et varie selon les régions, entre chants populaires et répertoires plus savants. Interprété par Freddie Aguilar, « Anak » est souvent cité comme un morceau repère pour découvrir ce style.",https://www.youtube.com/watch?v=-n-2lPzH7Do
PapuaNewGuinea,Anchor (Live at the APRA Awards),Alternative R&B / soul (live),D.I.G feat. Ngaiire & Ruel,"La musique traditionnelle de PapuaNewGuinea accompagne les fêtes et rituels, avec des instruments et rythmes typiques du pays. Elle sert à raconter des histoires, renforcer les liens sociaux et marquer les grands moments de la vie. Interprété par Ngaiire, « Dig » est souvent cité comme un morceau repère pour découvrir ce style.",https://www.youtube.com/watch?v=v1P0kR8qi8g
Poland,Ready for Battle (Official Video),Roots reggae,Marcus Gad & Tribe,"La musique traditionnelle de Marcus Gad accompagne les fêtes et rituels, avec des instruments et rythmes typiques du pays. Elle sert à raconter des histoires, renforcer les liens sociaux et marquer les grands moments de la vie.",https://www.youtube.com/watch?v=WY2PFRgHVK4
DemRepKorea,Nocturne Op. 9 No. 2 (Rubinstein),Classical piano,Arthur Rubinstein,"Le répertoire folk de Poland est lié aux danses et aux chants régionaux, transmis de génération en génération. On y retrouve des instruments acoustiques (cordes, vents) et des textes qui parlent d’identité, de village et d’histoire locale. Interprété par Frédéric Chopin, « Nocturne Op. 9 No. 2 » est souvent cité comme un morceau repère pour découvrir ce style.",https://www.youtube.com/watch?v=YGRO05WcNDk
Paraguay,My Country is the Best,Traditional / Folk,Moranbong Band,"La musique traditionnelle de DemRepKorea s’appuie sur des mélodies modales et des instruments locaux, joués lors de fêtes et cérémonies. Elle transmet des histoires (amour, exil, légendes) et varie selon les régions, entre chants populaires et répertoires plus savants. Interprété par Moranbong Band, « My Country is the Best » est souvent cité comme un morceau repère pour découvrir ce style.",https://www.youtube.com/watch?v=l-kuOwUAHIQ
Palestine,Luis Alberto del Paraná,Traditional / Folk,Galopera,"La musique traditionnelle de Paraguay reflète souvent un mélange d’héritages indigènes, africains et européens. Elle se joue lors de fêtes populaires, avec des rythmes et instruments caractéristiques selon les régions. Interprété par Galopera, « Luis Alberto del Paraná » est souvent cité comme un morceau repère pour découvrir ce style.",https://www.youtube.com/watch?v=gUBbU67On4o
Qatar,Intro To Shamstep,Shamstep / electro-dabke,47SOUL,"La musique traditionnelle de Palestine s’appuie sur des mélodies modales et des instruments locaux, joués lors de fêtes et cérémonies. Elle transmet des histoires (amour, exil, légendes) et varie selon les régions, entre chants populaires et répertoires plus savants. Interprété par 47Soul, « Intro to Shamstep » est souvent cité comme un morceau repère pour découvrir ce style.",https://www.youtube.com/watch?v=jgEiIXay4rY
Romania,Batalna (بطّلنا),Khaleeji pop,Fahad Al Kubaisi,"La musique traditionnelle de Qatar s’appuie sur des mélodies modales et des instruments locaux, joués lors de fêtes et cérémonies. Elle transmet des histoires (amour, exil, légendes) et varie selon les régions, entre chants populaires et répertoires plus savants. Interprété par Batalna, « Fahad Al Kubaisi » est souvent cité comme un morceau repère pour découvrir ce style.",https://www.youtube.com/watch?v=RPlPFFyydzg
Rwanda,Born To Be Wild,Balkan brass,Fanfare Ciocărlia,"Le répertoire folk de Romania est lié aux danses et aux chants régionaux, transmis de génération en génération. On y retrouve des instruments acoustiques (cordes, vents) et des textes qui parlent d’identité, de village et d’histoire locale. Interprété par Fanfare Ciocărlia, « Born to be Wild » est souvent cité comme un morceau repère pour découvrir ce style.",https://www.youtube.com/watch?v=gcshUcJzdaE
Western Sahara,Rwanda,Rwandan pop / folk,Cécile Kayirebwa,"Les musiques traditionnelles de Rwanda reposent souvent sur la polyrythmie, les percussions et le chant communautaire. Elles accompagnent les rites, les mariages et les événements publics, en transmettant la mémoire et les récits du groupe. Interprété par Cécile Kayirebwa, « Rwanda » est souvent cité comme un morceau repère pour découvrir ce style.",https://www.youtube.com/watch?v=Efrx15phCk4
SaudiArabia,Lagi,Sahrawi / desert blues,Aziza Brahim,"Les musiques traditionnelles de Western Sahara reposent souvent sur la polyrythmie, les percussions et le chant communautaire. Elles accompagnent les rites, les mariages et les événements publics, en transmettant la mémoire et les récits du groupe. Interprété par Aziza Brahim, « Lagi » est souvent cité comme un morceau repère pour découvrir ce style.",https://www.youtube.com/watch?v=kG4OX8uQpI0
Sudan,Ahad Saal Aani (أحد سأل عني),Arabic pop (Khaliji),Mohammed Abdo,"La musique traditionnelle de SaudiArabia s’appuie sur des mélodies modales et des instruments locaux, joués lors de fêtes et cérémonies. Elle transmet des histoires (amour, exil, légendes) et varie selon les régions, entre chants populaires et répertoires plus savants. Interprété par Mohammed Abdu, « Dimensions » est souvent cité comme un morceau repère pour découvrir ce style.",https://www.youtube.com/watch?v=rb8cG1bwW8Y
SouthSudan,Ya Watan (Official Video),East African retropop / Nubian,Alsarah & The Nubatones,"Les musiques traditionnelles de Sudan reposent souvent sur la polyrythmie, les percussions et le chant communautaire. Elles accompagnent les rites, les mariages et les événements publics, en transmettant la mémoire et les récits du groupe. Interprété par Alsarah & The Nubatones, « Ya Watan » est souvent cité comme un morceau repère pour découvrir ce style.",https://www.youtube.com/watch?v=0PX8xca4-5E
Senegal,We Want Peace,Hip-hop / Afro-fusion,Emmanuel Jal,"Les musiques traditionnelles de SouthSudan reposent souvent sur la polyrythmie, les percussions et le chant communautaire. Elles accompagnent les rites, les mariages et les événements publics, en transmettant la mémoire et les récits du groupe. Interprété par Emmanuel Jal, « Wuar Na » est souvent cité comme un morceau repère pour découvrir ce style.",https://www.youtube.com/watch?v=kuQhgdtLNxo
SierraLeone,7 Seconds,World pop / mbalax-pop,Youssou N'Dour ft. Neneh Cherry,"Les musiques traditionnelles de Senegal reposent souvent sur la polyrythmie, les percussions et le chant communautaire. Elles accompagnent les rites, les mariages et les événements publics, en transmettant la mémoire et les récits du groupe. Interprété par Youssou N'Dour, « 7 Seconds » est souvent cité comme un morceau repère pour découvrir ce style.",https://www.youtube.com/watch?v=wqCpjFMvz-k
ElSalvador,My Lovely Elizabeth,Palm-wine / highlife,S.E. Rogie,"Les musiques traditionnelles de SierraLeone reposent souvent sur la polyrythmie, les percussions et le chant communautaire. Elles accompagnent les rites, les mariages et les événements publics, en transmettant la mémoire et les récits du groupe. Interprété par S.E. Rogie, « My Lovely Elizabeth » est souvent cité comme un morceau repère pour découvrir ce style.",https://www.youtube.com/watch?v=DahY4zJzhKY
Serbia,El Carbonero,Cumbia salvadoreña,Los Hermanos Flores,"La musique traditionnelle de ElSalvador reflète souvent un mélange d’héritages indigènes, africains et européens. Elle se joue lors de fêtes populaires, avec des rythmes et instruments caractéristiques selon les régions. Interprété par Álvaro Torres, « Nada se compara contigo » est souvent cité comme un morceau repère pour découvrir ce style.",https://www.youtube.com/watch?v=DNN5L3atyX0
Suriname,Tamo Daleko,Folk / chanson patriotique,HAUSER,"Le répertoire folk de Serbia est lié aux danses et aux chants régionaux, transmis de génération en génération. On y retrouve des instruments acoustiques (cordes, vents) et des textes qui parlent d’identité, de village et d’histoire locale. Interprété par Marija Šerifović, « Molitva » est souvent cité comme un morceau repère pour découvrir ce style.",https://www.youtube.com/watch?v=gXi60icCUS0
Slovakia,Na Wan Ray,Kaseko,Kaseko Rhythm Allstars,"La musique traditionnelle de Suriname reflète souvent un mélange d’héritages indigènes, africains et européens. Elle se joue lors de fêtes populaires, avec des rythmes et instruments caractéristiques selon les régions. Interprété par Lieve Hugo, « Blaka Rosoe » est souvent cité comme un morceau repère pour découvrir ce style.",https://www.youtube.com/watch?v=g_2_Tz_PmLA
Slovenia,Na Kráľovej holi,Folk rock,KOLLÁROVCI,"Le répertoire folk de Slovakia est lié aux danses et aux chants régionaux, transmis de génération en génération. On y retrouve des instruments acoustiques (cordes, vents) et des textes qui parlent d’identité, de village et d’histoire locale. Interprété par Marika Gombitová, « Vyznanie » est souvent cité comme un morceau repère pour découvrir ce style.",https://www.youtube.com/watch?v=2VXUITOgPhE
Sweden,V dolini tihi,Narodna (polka/valček),Ansambel Lojzeta Slaka,"Le répertoire folk de Slovenia est lié aux danses et aux chants régionaux, transmis de génération en génération. On y retrouve des instruments acoustiques (cordes, vents) et des textes qui parlent d’identité, de village et d’histoire locale. Interprété par Laibach, « Tanz mit Laibach » est souvent cité comme un morceau repère pour découvrir ce style.",https://www.youtube.com/watch?v=MxUkZ1vo7v4
Swaziland,Vem kan segla förutan vind,Folk suédois (berceuse),Chanson suédoise,"Artiste et activiste Samie, elle utilise le hip-hop pour dénoncer l'exploitation minière sur les terres ancestrales de Laponie et le racisme systémique.",https://www.youtube.com/watch?v=dJwdWTJrxmI
Syria,Makoti,Swazi hip-hop / Afro,Lyrikal Busta,"Les musiques traditionnelles de Swaziland reposent souvent sur la polyrythmie, les percussions et le chant communautaire. Elles accompagnent les rites, les mariages et les événements publics, en transmettant la mémoire et les récits du groupe. Interprété par Sands, « Tigi » est souvent cité comme un morceau repère pour découvrir ce style.",https://www.youtube.com/watch?v=IYuLJ9y8WcY
Chad,Ya Mal El Sham,Tarab / Qudud Halabiya,Sabah Fakhri,"La musique traditionnelle de Syria s’appuie sur des mélodies modales et des instruments locaux, joués lors de fêtes et cérémonies. Elle transmet des histoires (amour, exil, légendes) et varie selon les régions, entre chants populaires et répertoires plus savants. Interprété par Sabah Fakhri, « Khayrat el-Shamiyeh » est souvent cité comme un morceau repère pour découvrir ce style.",https://www.youtube.com/watch?v=BqwtW2gEXvU
Togo,Solal,Electro-afro / afrofuturisme,AfrotroniX,"Les musiques traditionnelles de Chad reposent souvent sur la polyrythmie, les percussions et le chant communautaire. Elles accompagnent les rites, les mariages et les événements publics, en transmettant la mémoire et les récits du groupe. Interprété par Maître Gazonga, « Les Jaloux Saboteurs » est souvent cité comme un morceau repère pour découvrir ce style.",https://www.youtube.com/watch?v=Awc3d5S5HRM
Thailand,Fetou,Afropop (Togo),King Mensah,"Les musiques traditionnelles de Togo reposent souvent sur la polyrythmie, les percussions et le chant communautaire. Elles accompagnent les rites, les mariages et les événements publics, en transmettant la mémoire et les récits du groupe. Interprété par Bella Bellow, « Zelie » est souvent cité comme un morceau repère pour découvrir ce style.",https://www.youtube.com/watch?v=QepLHzqG-pU
Tajikistan,ลำเพลิน ขุนช้างขุนแผน (Lam Ploen),Molam / Lam Ploen,Sin I-san Molam Troupe,"La musique traditionnelle de Thailand s’appuie sur des mélodies modales et des instruments locaux, joués lors de fêtes et cérémonies. Elle transmet des histoires (amour, exil, légendes) et varie selon les régions, entre chants populaires et répertoires plus savants. Interprété par Bird Thongchai, « Prik Kee Noo » est souvent cité comme un morceau repère pour découvrir ce style.",https://www.youtube.com/watch?v=JGSsZG5NDK0
Turkmenistan,Gijdalla (Live Performance),Pop tadjike,Shabnam Surayo & Shavkat Umarov,"La musique traditionnelle de Tajikistan s’appuie sur des mélodies modales et des instruments locaux, joués lors de fêtes et cérémonies. Elle transmet des histoires (amour, exil, légendes) et varie selon les régions, entre chants populaires et répertoires plus savants. Interprété par Shabnam Surayo, « Azizam » est souvent cité comme un morceau repère pour découvrir ce style.",https://www.youtube.com/watch?v=XDW9d9kCUts
Timor-Leste,Humarala (Dutar),Dutar instrumental,Oghlan Bakhshi,"La musique traditionnelle de Turkmenistan s’appuie sur des mélodies modales et des instruments locaux, joués lors de fêtes et cérémonies. Elle transmet des histoires (amour, exil, légendes) et varie selon les régions, entre chants populaires et répertoires plus savants. Interprété par Gulshat Gurdowa, « Turkmenistan » est souvent cité comme un morceau repère pour découvrir ce style.",https://www.youtube.com/watch?v=exlZCSNrboY
Tunisia,Tebe Dahur Salala,Tebe (danse),Tebe Dahur group,"La musique traditionnelle de Timor-Leste s’appuie sur des mélodies modales et des instruments locaux, joués lors de fêtes et cérémonies. Elle transmet des histoires (amour, exil, légendes) et varie selon les régions, entre chants populaires et répertoires plus savants. Interprété par Teo Batiste Ximenes, « Timor-Leste » est souvent cité comme un morceau repère pour découvrir ce style.",https://www.youtube.com/watch?v=JBX2KuCnuDU
Turkey,Kelmti Horra,Chanson engagée,Emel Mathlouthi,"Les musiques traditionnelles de Tunisia reposent souvent sur la polyrythmie, les percussions et le chant communautaire. Elles accompagnent les rites, les mariages et les événements publics, en transmettant la mémoire et les récits du groupe. Interprété par Anouar Brahem, « Le Pas du Chat Noir » est souvent cité comme un morceau repère pour découvrir ce style.",https://www.youtube.com/watch?v=wJ79iEfus8E
Taiwan,Şımarık,Pop turc,Tarkan,"La musique traditionnelle de Turkey s’appuie sur des mélodies modales et des instruments locaux, joués lors de fêtes et cérémonies. Elle transmet des histoires (amour, exil, légendes) et varie selon les régions, entre chants populaires et répertoires plus savants. Interprété par Tarkan, « Şımarık » est souvent cité comme un morceau repère pour découvrir ce style.",https://www.youtube.com/watch?v=cpp69ghR1IM
Tanzania,聽海 (Ting Hai),Mandopop,A-Mei (張惠妹),"La musique traditionnelle de Taiwan s’appuie sur des mélodies modales et des instruments locaux, joués lors de fêtes et cérémonies. Elle transmet des histoires (amour, exil, légendes) et varie selon les régions, entre chants populaires et répertoires plus savants. Interprété par Teresa Teng, « The Moon Represents My Heart » est souvent cité comme un morceau repère pour découvrir ce style.",https://www.youtube.com/watch?v=mLk61pfiHQ0
Uganda,Jeje,Bongo Flava,Diamond Platnumz,"Les musiques traditionnelles de Tanzania reposent souvent sur la polyrythmie, les percussions et le chant communautaire. Elles accompagnent les rites, les mariages et les événements publics, en transmettant la mémoire et les récits du groupe. Interprété par Diamond Platnumz, « Number One » est souvent cité comme un morceau repère pour découvrir ce style.",https://www.youtube.com/watch?v=g5rFro4XdZ0
Ukraine,Sitya Loss,Afropop,Eddy Kenzo,"Les musiques traditionnelles de Uganda reposent souvent sur la polyrythmie, les percussions et le chant communautaire. Elles accompagnent les rites, les mariages et les événements publics, en transmettant la mémoire et les récits du groupe. Interprété par Bobi Wine, « Tuliyambala Engule » est souvent cité comme un morceau repère pour découvrir ce style.",https://www.youtube.com/watch?v=ex0NwMcf8iE
Uruguay,Vesna,Ethno-chaos,DakhaBrakha,"Le répertoire folk de Ukraine est lié aux danses et aux chants régionaux, transmis de génération en génération. On y retrouve des instruments acoustiques (cordes, vents) et des textes qui parlent d’identité, de village et d’histoire locale. Interprété par DakhaBrakha, « Vesna » est souvent cité comme un morceau repère pour découvrir ce style.",https://www.youtube.com/watch?v=L1p5IsyEZ8Q
Uzbekistan,La Cumparsita,Tango,Orquesta Juvenil del Sodre,"La musique traditionnelle de Uruguay reflète souvent un mélange d’héritages indigènes, africains et européens. Elle se joue lors de fêtes populaires, avec des rythmes et instruments caractéristiques selon les régions. Interprété par Jorge Drexler, « Al otro lado del río » est souvent cité comme un morceau repère pour découvrir ce style.",https://www.youtube.com/watch?v=17fq5_XdR6A
Venezuela,O'zbekcha Gapir,Pop ouzbek,Yulduz Usmonova & Malik,"La musique traditionnelle de Uzbekistan s’appuie sur des mélodies modales et des instruments locaux, joués lors de fêtes et cérémonies. Elle transmet des histoires (amour, exil, légendes) et varie selon les régions, entre chants populaires et répertoires plus savants. Interprété par Yulduz Usmonova, « Shoh va gado » est souvent cité comme un morceau repère pour découvrir ce style.",https://www.youtube.com/watch?v=zITtQxPty5A
Vietnam,Alma Llanera,Joropo / llanera,Simón Bolívar Symphony Orchestra & Gustavo Dudamel,"La musique traditionnelle de Venezuela reflète souvent un mélange d’héritages indigènes, africains et européens. Elle se joue lors de fêtes populaires, avec des rythmes et instruments caractéristiques selon les régions. Interprété par Simón Díaz, « Caballo Viejo » est souvent cité comme un morceau repère pour découvrir ce style.",https://www.youtube.com/watch?v=oLfWPHZzJdQ
Yemen,Diễm Xưa,Nhạc Trịnh,Tuyết Phượng,"La musique traditionnelle de Vietnam s’appuie sur des mélodies modales et des instruments locaux, joués lors de fêtes et cérémonies. Elle transmet des histoires (amour, exil, légendes) et varie selon les régions, entre chants populaires et répertoires plus savants. Interprété par Tiny Giant, « Flying Oranges » est souvent cité comme un morceau repère pour découvrir ce style.",https://www.youtube.com/watch?v=f1nAnWjz3RM
Zambia,وبدت كالشمس من خلف الغيوب,Chanson yéménite,Ayoub Tarish,"La musique traditionnelle de Yemen s’appuie sur des mélodies modales et des instruments locaux, joués lors de fêtes et cérémonies. Elle transmet des histoires (amour, exil, légendes) et varie selon les régions, entre chants populaires et répertoires plus savants. Interprété par Ahmed Al-Sunaidar, « Ya Janyat al-Unqud » est souvent cité comme un morceau repère pour découvrir ce style.",https://www.youtube.com/watch?v=CzlM38LQYsA
Zimbabwe,Ba Zambia,Kalindula,Amayenge,"Les musiques traditionnelles de Zambia reposent souvent sur la polyrythmie, les percussions et le chant communautaire. Elles accompagnent les rites, les mariages et les événements publics, en transmettant la mémoire et les récits du groupe. Interprété par Witch, « Introduction » est souvent cité comme un morceau repère pour découvrir ce style.",https://www.youtube.com/watch?v=2azKlP_OWAM
Somalia,Todii,Jit / Afro-jazz,Oliver Mtukudzi,"Les musiques traditionnelles de Zimbabwe reposent souvent sur la polyrythmie, les percussions et le chant communautaire. Elles accompagnent les rites, les mariages et les événements publics, en transmettant la mémoire et les récits du groupe. Interprété par Thomas Mapfumo, « Corruption » est souvent cité comme un morceau repère pour découvrir ce style.",https://www.youtube.com/watch?v=dHMjH2LbNSA
Kosovo,Udiida Ceb,Somali pop,Maryam Mursal,"Trésor du funk somalien des années 80, ce groupe représente l'âge d'or culturel de Mogadiscio avant la guerre civile, symbole de nostalgie et de renaissance.",https://www.youtube.com/watch?v=nOJaRjhjNU0
SouthAfrica,Bonbon,Pop,Era Istrefi,"Le répertoire folk de Kosovo est lié aux danses et aux chants régionaux, transmis de génération en génération. On y retrouve des instruments acoustiques (cordes, vents) et des textes qui parlent d’identité, de village et d’histoire locale. Interprété par Era Istrefi, « BonBon » est souvent cité comme un morceau repère pour découvrir ce style.",https://www.youtube.com/watch?v=vxc1ufJxPGM
NewZealand,Pata Pata,Afro-pop,Miriam Makeba,"Les musiques traditionnelles de SouthAfrica reposent souvent sur la polyrythmie, les percussions et le chant communautaire. Elles accompagnent les rites, les mariages et les événements publics, en transmettant la mémoire et les récits du groupe. Interprété par Miriam Makeba, « Pata Pata » est souvent cité comme un morceau repère pour découvrir ce style.",https://www.youtube.com/watch?v=lNeP3hrm__k
Chile,Royals,Traditional / Folk,Lorde,"La musique traditionnelle de NewZealand accompagne les fêtes et rituels, avec des instruments et rythmes typiques du pays. Elle sert à raconter des histoires, renforcer les liens sociaux et marquer les grands moments de la vie. Interprété par Lorde, « Royals » est souvent cité comme un morceau repère pour découvrir ce style.",https://www.youtube.com/watch?v=nlcIKh6sBtc
Netherlands,Shock,Traditional / Folk,Ana Tijoux,"La musique traditionnelle de Chile reflète souvent un mélange d’héritages indigènes, africains et européens. Elle se joue lors de fêtes populaires, avec des rythmes et instruments caractéristiques selon les régions. Interprété par Ana Tijoux, « Shock » est souvent cité comme un morceau repère pour découvrir ce style.",https://www.youtube.com/watch?v=LDfsQTfNeNk
Portugal,Venus,Traditional / Folk,Shocking Blue,"Le répertoire folk de Netherlands est lié aux danses et aux chants régionaux, transmis de génération en génération. On y retrouve des instruments acoustiques (cordes, vents) et des textes qui parlent d’identité, de village et d’histoire locale. Interprété par Shocking Blue, « Venus » est souvent cité comme un morceau repère pour découvrir ce style.",https://www.youtube.com/watch?v=aPEhQugz-Ew
RussianFederation,Fado Português,Traditional / Folk,Amália Rodrigues,"Le répertoire folk de Portugal est lié aux danses et aux chants régionaux, transmis de génération en génération. On y retrouve des instruments acoustiques (cordes, vents) et des textes qui parlent d’identité, de village et d’histoire locale. Interprété par Amália Rodrigues, « Fado Português » est souvent cité comme un morceau repère pour découvrir ce style.",https://www.youtube.com/watch?v=1YriVM8sC7M
Spain,Govoryat Moskva (Moscow is Speaking),Traditional / Folk,Shortparis,Un groupe de post-punk expérimental qui utilise des métaphores visuelles et sonores pour critiquer l'oppression politique et la passivité de la société.,https://www.youtube.com/watch?v=_d1AmMt6A9s
France,Entre dos aguas,Traditional / Folk,Paco de Lucía,"Le répertoire folk de Spain est lié aux danses et aux chants régionaux, transmis de génération en génération. On y retrouve des instruments acoustiques (cordes, vents) et des textes qui parlent d’identité, de village et d’histoire locale. Interprété par Paco de Lucía, « Entre dos aguas » est souvent cité comme un morceau repère pour découvrir ce style.",https://www.youtube.com/watch?v=2oyhlad64-s
UnitedStates,La Vie en Rose,Chanson française,Edith Piaf,"Hymne de la chanson française popularisé à l’international, « La Vie en Rose » incarne le Paris d’après‑guerre et l’esthétique de la ‘chanson’ : texte narratif, interprétation théâtrale et mélodie mémorable. Le morceau est devenu un standard repris dans le monde entier, associé à l’image romantique de la France.",https://www.youtube.com/watch?v=rzeLynj1GYM
FrenchGuiana,What a Wonderful World,Traditional / Folk,Louis Armstrong,"La musique traditionnelle de UnitedStates reflète souvent un mélange d’héritages indigènes, africains et européens. Elle se joue lors de fêtes populaires, avec des rythmes et instruments caractéristiques selon les régions. Interprété par Louis Armstrong, « What a Wonderful World » est souvent cité comme un morceau repère pour découvrir ce style.",https://www.youtube.com/watch?v=8so-xyKyJ-A
Aruba,Le Travail c’est la santé,Traditional / Folk,Henri Salvador,"La musique traditionnelle de FrenchGuiana reflète souvent un mélange d’héritages indigènes, africains et européens. Elle se joue lors de fêtes populaires, avec des rythmes et instruments caractéristiques selon les régions. Interprété par Henri Salvador, « Le Travail c’est la santé » est souvent cité comme un morceau repère pour découvrir ce style.",https://www.youtube.com/watch?v=B5VyRmrN0-Q
Anguilla,Dushi Tera,Hymne / valse,U.S. Navy Band,"« Aruba Dushi Tera » est l’hymne national d’Aruba, une valse en papiamento devenue un symbole identitaire de l’île. Ce type d’interprétation instrumentale est souvent joué lors de cérémonies officielles et d’événements publics.",https://www.youtube.com/watch?v=-3k6ZR6eOfA
AmericanSamoa,Stuck in Paradise,Reggae / singer‑songwriter caribéen,Bankie Banx,"Anguilla est connue pour sa scène reggae et ‘island music’. Bankie Banx est une figure locale : ses chansons mêlent groove reggae, guitare et narration insulaire, souvent associées à l’ambiance des plages et à la vie quotidienne dans les Caraïbes.",https://www.youtube.com/watch?v=RMpHyervY2M
AntiguaAndBarbuda,American Samoa,Island pop / Pacific reggae,Taps Band,"La pop insulaire du Pacifique mélange harmonies vocales, guitares et rythmes ‘reggae’ légers. Aux Samoa américaines, ces morceaux circulent beaucoup lors d’événements communautaires, fêtes et clips locaux, avec une identité polynésienne très marquée.",https://www.youtube.com/watch?v=rLEDSkQiwwI
Bahrain,Illusion,Calypso / soca,King Short Shirt,"Antigua-et-Barbuda partage la tradition caribéenne du calypso : une musique festive mais souvent très ‘social commentary’. King Short Shirt est connu pour ses textes satiriques et engagés, portés par des rythmes dansants.",https://www.youtube.com/watch?v=C4BL6T7G9Gk
Bahamas,Bahrain Traditional Music,Khaleeji / Gulf Folk,Heritage,"La musique traditionnelle de Bahrain s’appuie sur des mélodies modales et des instruments locaux, joués lors de fêtes et cérémonies. Elle transmet des histoires (amour, exil, légendes) et varie selon les régions, entre chants populaires et répertoires plus savants.",https://www.youtube.com/watch?v=518jjqsdSus
Saint-Barthélemy,Who Let The Dogs Out,Junkanoo Pop / Dance,Baha Men,"La musique traditionnelle de Bahamas reflète souvent un mélange d’héritages indigènes, africains et européens. Elle se joue lors de fêtes populaires, avec des rythmes et instruments caractéristiques selon les régions. Interprété par Baha Men, « Who Let The Dogs Out » est souvent cité comme un morceau repère pour découvrir ce style.",https://www.youtube.com/watch?v=ojULkWEUsPs
Bermuda,Musique traditionnelle de Saint-Barthélemy,Caribbean / Folk,Musiciens locaux,"La musique traditionnelle de Saint-Barthélemy reflète souvent un mélange d’héritages indigènes, africains et européens. Elle se joue lors de fêtes populaires, avec des rythmes et instruments caractéristiques selon les régions. Interprété par The Perrucho's, « L'Esprit Saint-Barth » est souvent cité comme un morceau repère pour découvrir ce style.",https://www.youtube.com/watch?v=OWWV1jxBT8w
Barbados,Dancing Gombey,Gombey (Bermuda),Smithsonian Folklife,"La musique traditionnelle de Bermuda reflète souvent un mélange d’héritages indigènes, africains et européens. Elle se joue lors de fêtes populaires, avec des rythmes et instruments caractéristiques selon les régions.",https://www.youtube.com/watch?v=-sEQUvvmT9I
Comoros,Beautiful Barbados,Calypso,The Merrymen,"Bien que joyeux, ce groupe de ""Calypso"" raconte l'histoire du passage de l'île vers l'indépendance et la fierté d'être une nation souveraine.",https://www.youtube.com/watch?v=2OKIh_jB6PQ
CapeVerde,Mwandzani,Taarab,Chébli Msaïdié,"Les musiques traditionnelles de Comoros reposent souvent sur la polyrythmie, les percussions et le chant communautaire. Elles accompagnent les rites, les mariages et les événements publics, en transmettant la mémoire et les récits du groupe. Interprété par Nawal, « Aman » est souvent cité comme un morceau repère pour découvrir ce style.",https://www.youtube.com/watch?v=Yo5pZiliOro
Curaçao,Sodade,Morna,Cesária Évora,"Les musiques traditionnelles de CapeVerde reposent souvent sur la polyrythmie, les percussions et le chant communautaire. Elles accompagnent les rites, les mariages et les événements publics, en transmettant la mémoire et les récits du groupe. Interprété par Cesária Évora, « Sodade » est souvent cité comme un morceau repère pour découvrir ce style.",https://www.youtube.com/watch?v=ku_WZoTtT8Q
CaymanIslands,Tumba cocktail y Salza,Tumba,Linmarvin Martina,"La musique traditionnelle de Curaçao reflète souvent un mélange d’héritages indigènes, africains et européens. Elle se joue lors de fêtes populaires, avec des rythmes et instruments caractéristiques selon les régions.",https://www.youtube.com/watch?v=kVu_dsHbmLU
Cyprus,Munzie Boat,Cayman Folk / Quadrille,Cayman Islands Folk Singers,"La musique traditionnelle de CaymanIslands reflète souvent un mélange d’héritages indigènes, africains et européens. Elle se joue lors de fêtes populaires, avec des rythmes et instruments caractéristiques selon les régions.",https://www.youtube.com/watch?v=fDrJPM9m_Ss
Dominica,Τα Ριάλια / Paralar,Cypriot Folk,Sounds of Cyprus,"Le répertoire folk de Cyprus est lié aux danses et aux chants régionaux, transmis de génération en génération. On y retrouve des instruments acoustiques (cordes, vents) et des textes qui parlent d’identité, de village et d’histoire locale. Interprété par Anna Vissi, « Call Me » est souvent cité comme un morceau repère pour découvrir ce style.",https://www.youtube.com/watch?v=JJiG1jzCpSk
FalklandIslands,Maladi,Cadence-lypso,Midnight Groovers,"La musique traditionnelle de Dominica reflète souvent un mélange d’héritages indigènes, africains et européens. Elle se joue lors de fêtes populaires, avec des rythmes et instruments caractéristiques selon les régions.",https://www.youtube.com/watch?v=OhbnHEe6qG8
FaeroeIslands,Song of the Falklands,Anthem / Folk,Falkland Islands,"La musique traditionnelle de FalklandIslands reflète souvent un mélange d’héritages indigènes, africains et européens. Elle se joue lors de fêtes populaires, avec des rythmes et instruments caractéristiques selon les régions.",https://www.youtube.com/watch?v=sP9_uRnBoys
FederatedStatesOfMicronesia,Traditional Music of the Faroe Islands,Faroese Folk,The Culture Society,"Le répertoire folk de FaeroeIslands est lié aux danses et aux chants régionaux, transmis de génération en génération. On y retrouve des instruments acoustiques (cordes, vents) et des textes qui parlent d’identité, de village et d’histoire locale.",https://www.youtube.com/watch?v=My5GeaQ4RBo
Grenada,Performance & Song of Kosrae,Micronesian Traditional,Kosrae Group,"La musique traditionnelle de FederatedStatesOfMicronesia accompagne les fêtes et rituels, avec des instruments et rythmes typiques du pays. Elle sert à raconter des histoires, renforcer les liens sociaux et marquer les grands moments de la vie.",https://www.youtube.com/watch?v=IyTa78Npq40
Guam,Hail Grenada,National Anthem,Grenada,"La musique traditionnelle de Grenada reflète souvent un mélange d’héritages indigènes, africains et européens. Elle se joue lors de fêtes populaires, avec des rythmes et instruments caractéristiques selon les régions.",https://www.youtube.com/watch?v=xOLRAJ6xc6U
SaintKittsAndNevis,LUSERU,Chamorro,Ed Taimanglo,"La musique traditionnelle de Guam accompagne les fêtes et rituels, avec des instruments et rythmes typiques du pays. Elle sert à raconter des histoires, renforcer les liens sociaux et marquer les grands moments de la vie.",https://www.youtube.com/watch?v=ofThdqBPrcQ
SaintLucia,O Land of Beauty!,National Anthem,Saint Kitts & Nevis,"La musique traditionnelle de SaintKittsAndNevis reflète souvent un mélange d’héritages indigènes, africains et européens. Elle se joue lors de fêtes populaires, avec des rythmes et instruments caractéristiques selon les régions.",https://www.youtube.com/watch?v=1tMMHRg2ou4
SaintMartin,MISE MAYA,St Lucian Folk,Folk (Saint Lucia),"La musique traditionnelle de SaintLucia reflète souvent un mélange d’héritages indigènes, africains et européens. Elle se joue lors de fêtes populaires, avec des rythmes et instruments caractéristiques selon les régions.",https://www.youtube.com/watch?v=Jes8-LqsiOU
Maldives,Saint Martin Sweet,Soca / Caribbean,GLP978 x Luc Léandry,"La musique traditionnelle de SaintMartin reflète souvent un mélange d’héritages indigènes, africains et européens. Elle se joue lors de fêtes populaires, avec des rythmes et instruments caractéristiques selon les régions.",https://www.youtube.com/watch?v=Z0hi_E5RymQ
MarshallIslands,Maldivian Traditional Bodu Beru,Bodu Beru,Maldives (Bodu Beru),"La musique traditionnelle de Maldives s’appuie sur des mélodies modales et des instruments locaux, joués lors de fêtes et cérémonies. Elle transmet des histoires (amour, exil, légendes) et varie selon les régions, entre chants populaires et répertoires plus savants.",https://www.youtube.com/watch?v=NzOab0ZEtxg
Malta,Song of the Canoe (Majuro Lagoon),Traditional / Canoe song,Marshall Islands,"La musique traditionnelle de MarshallIslands accompagne les fêtes et rituels, avec des instruments et rythmes typiques du pays. Elle sert à raconter des histoires, renforcer les liens sociaux et marquer les grands moments de la vie.",https://www.youtube.com/watch?v=KMq-ZihI8OM
NorthernMarianaIslands,għana - Traditional Maltese Singing,Għana,Malta,"Le répertoire folk de Malta est lié aux danses et aux chants régionaux, transmis de génération en génération. On y retrouve des instruments acoustiques (cordes, vents) et des textes qui parlent d’identité, de village et d’histoire locale. Interprété par Ira Losco, « 7th Wonder » est souvent cité comme un morceau repère pour découvrir ce style.",https://www.youtube.com/watch?v=Dnjrfmuq_qg
Mauritius,Gi Talo Gi Halom Tasi,Regional Anthem,Northern Mariana Islands,"La musique traditionnelle de NorthernMarianaIslands accompagne les fêtes et rituels, avec des instruments et rythmes typiques du pays. Elle sert à raconter des histoires, renforcer les liens sociaux et marquer les grands moments de la vie.",https://www.youtube.com/watch?v=qzzYssl7LgY
NewCaledonia,Medley Sega (Live Session),Séga,La Nikita,"Les musiques traditionnelles de Mauritius reposent souvent sur la polyrythmie, les percussions et le chant communautaire. Elles accompagnent les rites, les mariages et les événements publics, en transmettant la mémoire et les récits du groupe. Interprété par Cassiya, « Ici Rivière Noire » est souvent cité comme un morceau repère pour découvrir ce style.",https://www.youtube.com/watch?v=BYhxxfBSVjY
Nauru,Kanaky (New Caledonia Music),Kaneka,Kanaky / Nouvelle-Calédonie,"La musique traditionnelle de NewCaledonia accompagne les fêtes et rituels, avec des instruments et rythmes typiques du pays. Elle sert à raconter des histoires, renforcer les liens sociaux et marquer les grands moments de la vie. Interprété par Marcus Gad, « Kanake » est souvent cité comme un morceau repère pour découvrir ce style.",https://www.youtube.com/watch?v=6X3t3fUo8_c
Palau,Nauru Bwiema,National Anthem,Nauru,"La musique traditionnelle de Nauru accompagne les fêtes et rituels, avec des instruments et rythmes typiques du pays. Elle sert à raconter des histoires, renforcer les liens sociaux et marquer les grands moments de la vie.",https://www.youtube.com/watch?v=fOud3DpsDE0
PuertoRico,Ngklel a Tekoi,Palauan Folk,Palau,"La musique traditionnelle de Palau accompagne les fêtes et rituels, avec des instruments et rythmes typiques du pays. Elle sert à raconter des histoires, renforcer les liens sociaux et marquer les grands moments de la vie.",https://www.youtube.com/watch?v=LIvK_dJbuPU
FrenchPolynesia,Puerto Rican Bomba: Old San Juan,Bomba,Escuela de Bomba y Plena,"La musique traditionnelle de PuertoRico reflète souvent un mélange d’héritages indigènes, africains et européens. Elle se joue lors de fêtes populaires, avec des rythmes et instruments caractéristiques selon les régions. Interprété par Daddy Yankee, « Gasolina » est souvent cité comme un morceau repère pour découvrir ce style.",https://www.youtube.com/watch?v=zBfLHm0QrRA
SaintVincentAndTheGrenadines,Himene Tarava Point Venus,Hīmene tārava,Tahiti,"La musique traditionnelle de FrenchPolynesia accompagne les fêtes et rituels, avec des instruments et rythmes typiques du pays. Elle sert à raconter des histoires, renforcer les liens sociaux et marquer les grands moments de la vie. Interprété par Bobby Holcomb, « My Island Home » est souvent cité comme un morceau repère pour découvrir ce style.",https://www.youtube.com/watch?v=2gEpTeibpeI
BritishVirginIslands,"Saint Vincent, Land so Beautiful",National Anthem,Saint Vincent & the Grenadines,"La musique traditionnelle de SaintVincentAndTheGrenadines reflète souvent un mélange d’héritages indigènes, africains et européens. Elle se joue lors de fêtes populaires, avec des rythmes et instruments caractéristiques selon les régions.",https://www.youtube.com/watch?v=j-fV1oaP-yU
UnitedStatesVirginIslands,"Oh, Beautiful Virgin Islands",Territorial Anthem,British Virgin Islands,"La musique traditionnelle de BritishVirginIslands reflète souvent un mélange d’héritages indigènes, africains et européens. Elle se joue lors de fêtes populaires, avec des rythmes et instruments caractéristiques selon les régions.",https://www.youtube.com/watch?v=KlreltmMKQo
Vanuatu,Virgin Islands March,Regional Anthem,U.S. Virgin Islands,"La musique traditionnelle de UnitedStatesVirginIslands reflète souvent un mélange d’héritages indigènes, africains et européens. Elle se joue lors de fêtes populaires, avec des rythmes et instruments caractéristiques selon les régions.",https://www.youtube.com/watch?v=ZpKMyEqWjIc
Samoa,Lelei imere,Vanuatu String Band,Darren ft Flickzone,"La musique traditionnelle de Vanuatu accompagne les fêtes et rituels, avec des instruments et rythmes typiques du pays. Elle sert à raconter des histoires, renforcer les liens sociaux et marquer les grands moments de la vie.",https://www.youtube.com/watch?v=hVEfKnIcBEM
StEustatius,SIVA FIAFIA,Siva / Dance song,Vaimaila Atina'e ft Old-G,"La musique traditionnelle de Samoa accompagne les fêtes et rituels, avec des instruments et rythmes typiques du pays. Elle sert à raconter des histoires, renforcer les liens sociaux et marquer les grands moments de la vie.",https://www.youtube.com/watch?v=wvyiFarIDg0
Saba,Golden Rock,Island Anthem,Sint Eustatius,"La musique traditionnelle de StEustatius reflète souvent un mélange d’héritages indigènes, africains et européens. Elle se joue lors de fêtes populaires, avec des rythmes et instruments caractéristiques selon les régions.",https://www.youtube.com/watch?v=U1ujwcgYXfk
Martinique,"Saba, you rise from the ocean",Island Anthem,Saba,"La musique traditionnelle de Saba reflète souvent un mélange d’héritages indigènes, africains et européens. Elle se joue lors de fêtes populaires, avec des rythmes et instruments caractéristiques selon les régions.",https://www.youtube.com/watch?v=W4pFi2aMDdQ
CanaryIslands,Temps pour temps,Zouk,Rubi Zouk,"La musique traditionnelle de Martinique reflète souvent un mélange d’héritages indigènes, africains et européens. Elle se joue lors de fêtes populaires, avec des rythmes et instruments caractéristiques selon les régions. Interprété par Malavoi, « La Case à Lucie » est souvent cité comme un morceau repère pour découvrir ce style.",https://www.youtube.com/watch?v=DLOVVMaQ6EU
Mayotte,Isa del Uno,Canarian Folk (Isa),Canary Islands,"Les musiques traditionnelles de CanaryIslands reposent souvent sur la polyrythmie, les percussions et le chant communautaire. Elles accompagnent les rites, les mariages et les événements publics, en transmettant la mémoire et les récits du groupe.",https://www.youtube.com/watch?v=mBNu83cP1aI
Reunion,M'godro,M'godro,JIMMY,"Les musiques traditionnelles de Mayotte reposent souvent sur la polyrythmie, les percussions et le chant communautaire. Elles accompagnent les rites, les mariages et les événements publics, en transmettant la mémoire et les récits du groupe.",https://www.youtube.com/watch?v=KumXPDJQunM
Guadeloupe,Po Mwin Maloya,Maloya,Danyèl Waro,"Les musiques traditionnelles de Reunion reposent souvent sur la polyrythmie, les percussions et le chant communautaire. Elles accompagnent les rites, les mariages et les événements publics, en transmettant la mémoire et les récits du groupe.",https://www.youtube.com/watch?v=p2cSjW38MWc
Fiji,Nèg Africa,Gwoka,Polobi & the Gwo Ka Masters,"La musique traditionnelle de Guadeloupe reflète souvent un mélange d’héritages indigènes, africains et européens. Elle se joue lors de fêtes populaires, avec des rythmes et instruments caractéristiques selon les régions. Interprété par Kassav', « Zouk la sé sèl médikaman nou ni » est souvent cité comme un morceau repère pour découvrir ce style.",https://www.youtube.com/watch?v=Te9rtO0i5d0
,Bula Fiji,Island pop / Fijian reggae,Laisa Vulakoro,"Cette chanson s’inscrit dans la pop des îles du Pacifique, où les harmonies vocales et les guitares ‘reggae’ se mêlent à des refrains très fédérateurs. Elle est souvent jouée lors d’événements publics et festifs aux Fidji, avec un esprit ‘Bula’ (accueil/joie de vivre) très identitaire.",https://www.youtube.com/watch?v=YnAmgaCNT-k