Afghanistan,Asia
Angola,Africa
Albania,Europe
UnitedArabEmirates,Asia
Argentina,South America
Armenia,Asia
Australia,Oceania
Austria,Europe
Azerbaijan,Asia
Burundi,Africa
Belgium,Europe
Benin,Africa
BurkinaFaso,Africa
Bangladesh,Asia
Bulgaria,Europe
BosniaAndHerzegovina,Europe
Belarus,Europe
Belize,North America
Bolivia,South America
Brazil,South America
BruneiDarussalam,Asia
Bhutan,Asia
Botswana,Africa
CentralAfricanRepublic,Africa
Canada,North America
Switzerland,Europe
China,Asia
CôteD'Ivoire,Africa
Cameroon,Africa
DemocraticRepublicOfCongo,Africa
RepublicOfCongo,Africa
Colombia,South America
CostaRica,North America
Cuba,North America
CzechRepublic,Europe
Germany,Europe
Djibouti,Africa
Denmark,Europe
Dominican Republic,North America
Algeria,Africa
Ecuador,South America
Egypt,Africa
Eritrea,Africa
Estonia,Europe
Ethiopia,Africa
Finland,Europe
Gabon,Africa
UnitedKingdom,Europe
Georgia,Asia
Ghana,Africa
Guinea,Africa
Gambia,Africa
GuineaBissau,Africa
EquatorialGuinea,Africa
Greece,Europe
Greenland,North America
Guatemala,North America
Guyana,South America
Honduras,North America
Croatia,Europe
Haiti,North America
Hungary,Europe
Indonesia,Asia
India,Asia
Ireland,Europe
Iran,Asia
Iraq,Asia
Iceland,Europe
Israel,Asia
Italy,Europe
Jamaica,North America
Jordan,Asia
Japan,Asia
Kazakhstan,Asia
Kenya,Africa
Kyrgyzstan,Asia
Cambodia,Asia
Republic of Korea,Asia
Kuwait,Asia
LaoPDR,Asia
Lebanon,Asia
Liberia,Africa
Libya,Africa
SriLanka,Asia
Lesotho,Africa
Lithuania,Europe
Luxembourg,Europe
Latvia,Europe
Morocco,Africa
Moldova,Europe
Madagascar,Africa
Mexico,North America
Macedonia,Europe
Mali,Africa
Myanmar,Asia
Montenegro,Europe
Mongolia,Asia
Mozambique,Africa
Mauritania,Africa
Malawi,Africa
Malaysia,Asia
Namibia,Africa
Niger,Africa
Nigeria,Africa
Nicaragua,North America
Norway,Europe
Nepal,Asia
Oman,Asia
Pakistan,Asia
Panama,North America
Peru,South America
Philippines,Asia
PapuaNewGuinea,Oceania
Poland,Europe
DemRepKorea,Asia
Paraguay,South America
Palestine,Asia
Qatar,Asia
Romania,Europe
Rwanda,Africa
Western Sahara,Africa
SaudiArabia,Asia
Sudan,Africa
SouthSudan,Africa
Senegal,Africa
SierraLeone,Africa
ElSalvador,North America
Serbia,Europe
Suriname,South America
Slovakia,Europe
Slovenia,Europe
Sweden,Europe
Swaziland,Africa
Syria,Asia
Chad,Africa
Togo,Africa
Thailand,Asia
Tajikistan,Asia
Turkmenistan,Asia
Timor-Leste,Asia
Tunisia,Africa
Turkey,Asia
Taiwan,Asia
Tanzania,Africa
Uganda,Africa
Ukraine,Europe
Uruguay,South America
Uzbekistan,Asia
Venezuela,South America
Vietnam,Asia
Yemen,Asia
Zambia,Africa
Zimbabwe,Africa
Somalia,Africa
Kosovo,Europe
SouthAfrica,Africa
NewZealand,Oceania
Chile,South America
Netherlands,Europe
Portugal,Europe
RussianFederation,Europe
Spain,Europe
France,Europe
UnitedStates,North America
FrenchGuiana,South America
Aruba,North America
Anguilla,North America
AmericanSamoa,Oceania
AntiguaAndBarbuda,North America
Bahrain,Asia
Bahamas,North America
Saint-Barthélemy,North America
Bermuda,North America
Barbados,North America
Comoros,Africa
CapeVerde,Africa
Curaçao,North America
CaymanIslands,North America
Cyprus,Europe
Dominica,North America
FalklandIslands,South America
FaeroeIslands,Europe
FederatedStatesOfMicronesia,Oceania
Grenada,North America
Guam,Oceania
SaintKittsAndNevis,North America
SaintLucia,North America
SaintMartin,North America
Maldives,Asia
MarshallIslands,Oceania
Malta,Europe
NorthernMarianaIslands,Oceania
Mauritius,Africa
NewCaledonia,Oceania
Nauru,Oceania
Palau,Oceania
PuertoRico,North America
FrenchPolynesia,Oceania
SaintVincentAndTheGrenadines,North America
BritishVirginIslands,North America
UnitedStatesVirginIslands,North America
Vanuatu,Oceania
Samoa,Oceania
StEustatius,North America
Saba,North America
Martinique,North America
CanaryIslands,Africa
Mayotte,Africa
Reunion,Africa
Guadeloupe,North America
Fiji,Oceania